[
{"nome":"Suporte e Validação","email":"eron.palmeiras@gmail.com"},
{"nome":"Atendimento","email":"correia.jessicasoares@gmail.com"},
{"nome":"Demandas Operacionais","email":"eron3ram@gmail.com"},
{"nome":"Sistemas de Captura","email":"sistemptura@tecaban.com"},
{"nome":"numerario","email":"eron.carneiro@cooltura.com.br"},
{"nome":"sisao","email":"siaso1232112ram@gmail.com"},
{"nome":"rede Vip","email":"eron.carneiro@cooltura.com.br"},
{"nome":"Planejamento numerario","email":"planejamento@tecaban.com"},
{"nome":"Gestao de numerario","email":"gestaonumerario@tecaban.com"},
{"nome":"ServiÇos a clientes","email":"servicosclientes@tecaban.com"},
{"nome":"Gestao Desempenho","email":"gestaodesempenho@tecaban.com"}
]